{
	"info": {
		"_postman_id": "070644c5-2cd5-443a-9144-111a77526dbd",
		"name": "Challenge",
		"schema": "https://schema.getpostman.com/json/collection/v2.1.0/collection.json",
		"_exporter_id": "18304741"
	},
	"item": [
		{
			"name": "Get: Obtener Posts Info",
			"event": [
				{
					"listen": "test",
					"script": {
						"exec": [
							"pm.test(\"Status test\", function () {\r",
							"    pm.response.to.have.status(200);\r",
							"});\r",
							"\r",
							""
						],
						"type": "text/javascript"
					}
				}
			],
			"protocolProfileBehavior": {
				"disableBodyPruning": true
			},
			"request": {
				"method": "GET",
				"header": [],
				"body": {
					"mode": "raw",
					"raw": "",
					"options": {
						"raw": {
							"language": "json"
						}
					}
				},
				"url": {
					"raw": "https://jsonplaceholder.typicode.com/posts",
					"protocol": "https",
					"host": [
						"jsonplaceholder",
						"typicode",
						"com"
					],
					"path": [
						"posts"
					]
				}
			},
			"response": []
		},
		{
			"name": "Crear un Post",
			"event": [
				{
					"listen": "test",
					"script": {
						"exec": [
							"pm.test(\"El cuepo es un jSON\", function () {\r",
							"     pm.response.to.be.json;\r",
							"\r",
							"});pm.test(\"El post fue creado\", function () {\r",
							"    pm.response.to.have.status(201);\r",
							"});\r",
							"\r",
							""
						],
						"type": "text/javascript"
					}
				},
				{
					"listen": "prerequest",
					"script": {
						"exec": [
							""
						],
						"type": "text/javascript"
					}
				}
			],
			"request": {
				"method": "POST",
				"header": [],
				"body": {
					"mode": "raw",
					"raw": "  {\r\n        \"userId\": 50,\r\n        \"id\": 50,\r\n        \"title\": \"Pruebas del Challenge QA\",\r\n        \"body\": \"Qik\"\r\n    }",
					"options": {
						"raw": {
							"language": "json"
						}
					}
				},
				"url": {
					"raw": "https://jsonplaceholder.typicode.com/posts",
					"protocol": "https",
					"host": [
						"jsonplaceholder",
						"typicode",
						"com"
					],
					"path": [
						"posts"
					]
				}
			},
			"response": []
		},
		{
			"name": "Get: Obtener comments",
			"event": [
				{
					"listen": "test",
					"script": {
						"exec": [
							"pm.test(\"La creacion no contiene errores\", function () {\r",
							"    pm.response.to.not.have.jsonBody(\"error\");\r",
							"\r",
							"});"
						],
						"type": "text/javascript"
					}
				}
			],
			"protocolProfileBehavior": {
				"disableBodyPruning": true
			},
			"request": {
				"method": "GET",
				"header": [],
				"body": {
					"mode": "raw",
					"raw": "",
					"options": {
						"raw": {
							"language": "json"
						}
					}
				},
				"url": {
					"raw": "https://jsonplaceholder.typicode.com/comments",
					"protocol": "https",
					"host": [
						"jsonplaceholder",
						"typicode",
						"com"
					],
					"path": [
						"comments"
					]
				}
			},
			"response": []
		},
		{
			"name": "Crear comments",
			"event": [
				{
					"listen": "test",
					"script": {
						"exec": [
							"pm.test(\"La creacion no contiene errores\", function () {\r",
							"    pm.response.to.not.have.jsonBody(\"error\");\r",
							"\r",
							"});\r",
							"\r",
							"pm.test(\"El ambiente no es productiivo\", function () {\r",
							"    pm.expect(pm.environment.get(\"env\")).not.equal(\"Production\");\r",
							"});"
						],
						"type": "text/javascript"
					}
				}
			],
			"request": {
				"method": "POST",
				"header": [],
				"body": {
					"mode": "raw",
					"raw": " {      \r\n        \"postId\": 1,\r\n        \"id\": 1,\r\n        \"name\": \"Agueda caceres\",\r\n        \"email\": \"challengue@gmail.com\",\r\n        \"body\": \"Este es el body que contiene el msg enviado a Agueda\"\r\n    }",
					"options": {
						"raw": {
							"language": "json"
						}
					}
				},
				"url": {
					"raw": "https://jsonplaceholder.typicode.com/comments",
					"protocol": "https",
					"host": [
						"jsonplaceholder",
						"typicode",
						"com"
					],
					"path": [
						"comments"
					]
				}
			},
			"response": []
		},
		{
			"name": "Crear varios Albums",
			"request": {
				"method": "POST",
				"header": [],
				"body": {
					"mode": "raw",
					"raw": "{\r\n        \"userId\": [1, 3],\r\n        \"id\": [1, 3],\r\n        \"title\": [\"First Album\", \"Second Album\"]\r\n    }\r\n  ",
					"options": {
						"raw": {
							"language": "json"
						}
					}
				},
				"url": {
					"raw": "https://jsonplaceholder.typicode.com/albums",
					"protocol": "https",
					"host": [
						"jsonplaceholder",
						"typicode",
						"com"
					],
					"path": [
						"albums"
					]
				}
			},
			"response": []
		},
		{
			"name": "Eliminar album",
			"event": [
				{
					"listen": "test",
					"script": {
						"exec": [
							"pm.test(\"Status test\", function () {\r",
							"    pm.response.to.have.status(200);\r",
							"});\r",
							"\r",
							""
						],
						"type": "text/javascript"
					}
				}
			],
			"request": {
				"method": "DELETE",
				"header": [],
				"body": {
					"mode": "raw",
					"raw": "",
					"options": {
						"raw": {
							"language": "json"
						}
					}
				},
				"url": {
					"raw": "https://jsonplaceholder.typicode.com/photos/{{id}}",
					"protocol": "https",
					"host": [
						"jsonplaceholder",
						"typicode",
						"com"
					],
					"path": [
						"photos",
						"{{id}}"
					]
				}
			},
			"response": []
		},
		{
			"name": "Eliminar photos",
			"event": [
				{
					"listen": "test",
					"script": {
						"exec": [
							"pm.test(\"Status test\", function () {\r",
							"    pm.response.to.have.status(200);\r",
							"});\r",
							"\r",
							""
						],
						"type": "text/javascript"
					}
				}
			],
			"request": {
				"method": "DELETE",
				"header": [],
				"body": {
					"mode": "raw",
					"raw": "",
					"options": {
						"raw": {
							"language": "json"
						}
					}
				},
				"url": {
					"raw": "https://jsonplaceholder.typicode.com/albums/1",
					"protocol": "https",
					"host": [
						"jsonplaceholder",
						"typicode",
						"com"
					],
					"path": [
						"albums",
						"1"
					]
				}
			},
			"response": []
		},
		{
			"name": "Agregar user",
			"event": [
				{
					"listen": "test",
					"script": {
						"exec": [
							"pm.test(\"Se valida creacion sin errores\", function () {\r",
							"   pm.response.to.not.have.jsonBody(\"error\");\r",
							"});"
						],
						"type": "text/javascript"
					}
				}
			],
			"request": {
				"method": "POST",
				"header": [],
				"body": {
					"mode": "raw",
					"raw": " {\r\n        \"id\": {{id}},\r\n        \"name\": \"{{name}}\",\r\n        \"username\": \"Caceres\",\r\n        \"email\": \"challenge@gmail.com\",\r\n        \"address\": {\r\n            \"street\": \"Kulas Light\",\r\n            \"suite\": \"Apt. 556\",\r\n            \"city\": \"Santo Domingo\",\r\n            \"zipcode\": \"92998\",\r\n            \"geo\": {\r\n                \"lat\": \"-37.3159\",\r\n                \"lng\": \"81.1496\"\r\n            }}}",
					"options": {
						"raw": {
							"language": "json"
						}
					}
				},
				"url": {
					"raw": "https://jsonplaceholder.typicode.com/users",
					"protocol": "https",
					"host": [
						"jsonplaceholder",
						"typicode",
						"com"
					],
					"path": [
						"users"
					]
				}
			},
			"response": []
		},
		{
			"name": "Actualizar user",
			"event": [
				{
					"listen": "test",
					"script": {
						"exec": [
							"pm.test(\"La creacion no contiene errores\", function () {\r",
							"    pm.response.to.not.have.jsonBody(\"error\");\r",
							"\r",
							"});\r",
							"pm.test(\"Status test\", function () {\r",
							"    pm.response.to.have.status(200);\r",
							"});\r",
							"\r",
							""
						],
						"type": "text/javascript"
					}
				}
			],
			"request": {
				"method": "PUT",
				"header": [],
				"body": {
					"mode": "raw",
					"raw": " {\r\n\"id\": 1,\r\n        \"name\": \"Leanne Graham\",\r\n        \"username\": \"Bret\",\r\n        \"email\": \"Sincere@april.biz\",\r\n        \"address\": {\r\n            \"street\": \"Kulas Light\",\r\n            \"suite\": \"Apt. 556\",\r\n            \"city\": \"Gwenborough\",\r\n            \"zipcode\": \"92998-3874\",\r\n            \"geo\": {\r\n                \"lat\": \"-37.3159\",\r\n                \"lng\": \"81.1496\"\r\n            }}}",
					"options": {
						"raw": {
							"language": "json"
						}
					}
				},
				"url": {
					"raw": "https://jsonplaceholder.typicode.com/users/1",
					"protocol": "https",
					"host": [
						"jsonplaceholder",
						"typicode",
						"com"
					],
					"path": [
						"users",
						"1"
					]
				}
			},
			"response": []
		}
	]
}